Episode,Steps,Winner,Active_Side,Black_Reward,White_Reward,Actor_Loss_Black,Critic_Loss_Black,Actor_Loss_White,Critic_Loss_White,Entropy_Black,Entropy_White,Black_Self_Dying_Count,White_Self_Dying_Count,Black_Kill_Count,White_Kill_Count,Black_Hit_Count,White_Hit_Count,White_Correct_Aim_Count,Black_Correct_Aim_Count
1,6,black,Black,1.5939543,-3.0188432,-0.06942514,0.8640844,0.42395028,1.8309387,0.0,0.0,0,3,0,0,1,0,3,0
2,6,black,Black,1.4935362,-3.0187864,-0.8470494,0.6603442,-0.30928358,1.9487476,0.0,0.0,0,3,0,0,0,0,3,0
3,6,black,Black,1.490656,-3.0150661,0.36632323,0.5879253,-0.24495332,1.6977247,0.0,0.0,0,3,0,0,0,0,2,0
4,6,black,Black,1.4924123,-3.019565,-0.58583504,0.533729,-0.41983023,1.7467712,0.0,0.0,0,3,0,0,0,0,1,0
5,6,black,Black,1.4917622,-3.0156164,-0.02012539,0.52263105,-0.35771617,1.547453,0.0,0.0,0,3,0,0,0,0,2,0
6,6,black,Black,1.4903998,-3.0155058,-1.0722188,0.42942485,-0.38364577,1.4871492,0.0,0.0,0,3,0,0,0,0,2,0
7,6,black,Black,1.493775,-3.0190094,1.5957226,0.4140726,-1.3105671,1.5345308,0.0,0.0,0,3,0,0,0,0,3,0
8,6,black,Black,0.4902709,-2.518686,0.63916665,0.012164419,0.06271815,1.0505424,0.0,0.0,1,3,0,0,0,0,1,0
9,6,black,Black,1.4939526,-3.016929,0.7046873,0.3193563,-0.5294978,1.3419071,0.0,0.0,0,3,0,0,0,0,3,0
10,6,black,Black,1.4920988,-3.0162492,0.677056,0.2897183,-0.7192119,1.2754475,0.0,0.0,0,3,0,0,0,0,2,0
11,6,black,Black,1.493282,-3.0173073,0.21102302,0.25497624,-1.0356486,1.2185785,0.0,0.0,0,3,0,0,0,0,3,0
12,6,black,Black,0.48902768,-2.5190136,0.9995527,0.06267562,0.043954056,0.6295707,0.0,0.0,1,3,0,0,0,0,2,0
13,6,black,Black,1.4936872,-3.018179,0.30182087,0.19810843,-2.122177,1.0671413,0.0,0.0,0,3,0,0,0,0,3,0
14,6,black,Black,1.491858,-3.0125422,-1.2228231,0.17433397,-0.4293263,0.87976676,0.0,0.0,0,3,0,0,0,0,2,0
15,6,black,Black,1.4898415,-3.0174928,0.41075683,0.14603914,-1.2545203,0.88507414,0.0,0.0,0,3,0,0,0,0,2,0
16,6,black,Black,1.4937862,-3.0180645,0.24142511,0.16125111,-0.41619548,0.78412294,0.0,0.0,0,3,0,0,0,0,3,0
17,6,black,Black,1.4907622,-3.0163488,-0.35167775,0.0985018,-0.09347359,0.7007032,0.0,0.0,0,3,0,0,0,0,2,0
18,6,black,Black,1.4929682,-3.01708,0.025397936,0.1137833,-1.2290335,0.80669683,0.0,0.0,0,3,0,0,0,0,2,0
19,6,black,Black,1.4935044,-3.0175683,0.5910389,0.07020203,-0.7061356,0.5888269,0.0,0.0,0,3,0,0,0,0,3,0
20,8,black,Black,1.4910653,-3.023376,-0.21856475,0.053723484,-1.5571332,0.6000722,0.0,0.0,0,3,0,0,0,0,4,0
21,6,black,Black,1.4937205,-3.018657,0.47269288,0.04014416,-1.3115563,0.40790537,0.0,0.0,0,3,0,0,0,0,3,0
22,6,black,Black,1.4896498,-3.019512,-0.35477805,0.026062952,-1.6431783,0.39552435,0.0,0.0,0,3,0,0,0,0,2,0
23,6,black,Black,1.4923079,-3.01853,0.5050598,0.02777228,-0.4742198,0.27554384,0.0,0.0,0,3,0,0,0,0,2,0
24,8,black,Black,0.9906337,-1.9183977,-1.6841663,0.06953866,-0.6372513,0.028218225,0.0,0.0,0,3,0,1,0,1,3,1
25,6,black,Black,1.4931777,-3.0166395,-0.6893392,0.006829795,-0.43257093,0.1746372,0.0,0.0,0,3,0,0,0,0,2,0
26,6,black,Black,1.4929836,-3.0180056,0.46257016,0.024903184,-0.70223194,0.23422061,0.0,0.0,0,3,0,0,0,0,2,0
27,6,black,Black,1.492266,-3.0156474,0.034748554,0.0060514137,-0.7357538,0.15231943,0.0,0.0,0,3,0,0,0,0,2,0
28,6,black,Black,1.4931899,-3.0164058,-1.4387125,0.020086957,0.47870597,0.072551616,0.0,0.0,0,3,0,0,0,0,2,0
29,6,black,Black,1.4922504,-3.0174828,0.21787293,0.020667417,0.18324392,0.12817262,0.0,0.0,0,3,0,0,0,0,2,0
30,6,black,Black,1.4914795,-3.0141027,0.09378394,0.010327987,0.3102305,0.039785817,0.0,0.0,0,3,0,0,0,0,2,0
31,6,black,Black,1.4932071,-3.012372,0.018774271,0.021410188,-2.7297783,0.036203194,0.0,0.0,0,3,0,0,0,0,3,0
32,6,black,Black,0.49379718,-2.5170753,-1.295509,0.56870264,-0.15329099,0.057470497,0.0,0.0,1,3,0,0,0,0,3,0
33,6,black,Black,1.4914974,-3.0182166,0.81412536,0.009925017,1.3303763,0.008819657,0.0,0.0,0,3,0,0,0,0,2,0
34,6,black,Black,1.4939647,-3.0165336,-1.6503607,0.009937922,1.2980065,0.004465831,0.0,0.0,0,3,0,0,0,0,3,0
35,6,black,Black,1.4939259,-3.0184436,0.37902308,0.011203735,-0.5618513,0.01823925,0.0,0.0,0,3,0,0,0,0,3,0
36,8,black,Black,0.9909152,-1.9193213,-0.75348073,0.16506556,0.5368739,0.47332877,0.0,0.0,0,3,0,1,0,1,3,1
37,6,black,Black,1.4934595,-3.0153296,0.391557,0.00884486,-0.22055078,0.010092412,0.0,0.0,0,3,0,0,0,0,3,1
38,6,black,Black,1.493392,-3.0162382,0.23851681,0.008037983,0.25547776,0.0048370445,0.0,0.0,0,3,0,0,0,0,3,0
39,6,black,Black,1.4935923,-3.019109,-0.12292663,0.006125648,0.05728491,0.023957605,0.0,0.0,0,3,0,0,0,0,3,0
40,6,black,Black,1.4936266,-3.0193486,-0.05907774,0.005344303,0.6927633,0.024579389,0.0,0.0,0,3,0,0,0,0,3,0
41,6,black,Black,0.49183404,-2.5170727,-1.3833987,0.4091084,0.47397757,0.26637217,0.0,0.0,1,3,0,0,0,0,1,0
42,6,black,Black,1.4934542,-3.018067,-0.3646299,0.0025976065,-0.12977497,0.020474918,0.0,0.0,0,3,0,0,0,0,3,0
43,6,black,Black,0.49191052,-2.5181975,-0.90036154,0.37978753,-0.47947636,0.27189147,0.0,0.0,1,3,0,0,0,0,2,0
44,6,black,Black,1.4937515,-3.0150206,-0.46304896,0.008802049,-0.8101031,0.035941724,0.0,0.0,0,3,0,0,0,0,3,0
45,8,black,Black,1.5912597,-3.0230389,-0.7192317,0.00622132,0.41094333,0.006922879,0.0,0.0,0,3,0,0,1,0,4,0
46,6,black,Black,1.4930443,-3.0159507,-0.099513374,0.0037554812,-1.0468012,0.009402725,0.0,0.0,0,3,0,0,0,0,2,0
47,6,black,Black,1.4930712,-3.0170107,-0.4496881,0.0031336665,0.3587103,0.0009868223,0.0,0.0,0,3,0,0,0,0,2,0
48,6,black,Black,0.49367929,-2.516202,-0.3774538,0.39515045,-0.69654846,0.12681955,0.0,0.0,1,3,0,0,0,0,3,0
49,6,black,Black,1.4932681,-3.017056,-0.07783198,0.0076625324,-0.039288282,0.002532602,0.0,0.0,0,3,0,0,0,0,3,0
50,6,black,Black,1.4928248,-3.0184112,0.8426717,0.0074859676,0.61621475,0.0013398505,0.0,0.0,0,3,0,0,0,0,2,0
51,6,black,Black,0.49050027,-2.5183454,-0.7946768,0.27103347,-0.29497036,0.13997754,0.0,0.0,1,3,0,0,0,0,1,0
52,6,black,Black,1.4918094,-3.0179133,-0.23803107,0.010613375,1.4935985,0.0053957105,0.0,0.0,0,3,0,0,0,0,2,0
53,6,black,Black,0.4885152,-2.5160947,-0.5559411,0.3444554,0.37167764,0.11085535,0.0,0.0,1,3,0,0,0,0,2,0
54,10,black,Black,-0.013029695,-1.4216154,0.04982548,0.77775526,0.2078793,0.6152005,0.0,0.0,1,3,0,1,0,1,2,1
55,6,black,Black,0.4926508,-2.5175114,-0.10005847,0.21531115,-2.232415,0.05838168,0.0,0.0,1,3,0,0,0,0,2,0
56,6,black,Black,1.4915047,-3.016745,0.046019513,0.02936847,0.58028847,0.026804889,0.0,0.0,0,3,0,0,0,0,2,0
57,6,black,Black,0.4884196,-2.5187912,-0.1895215,0.2601309,-0.76279205,0.033250906,0.0,0.0,1,3,0,0,0,0,2,0
58,6,black,Black,1.4929668,-3.016631,-0.11205753,0.03941087,0.5000755,0.027056238,0.0,0.0,0,3,0,0,0,0,2,0
59,6,black,Black,1.4939646,-3.0149405,0.6471701,0.03212313,0.09233252,0.021813996,0.0,0.0,0,3,0,0,0,0,3,0
60,6,black,Black,1.491048,-3.0127275,-0.032518353,0.056065258,0.06802583,0.030334497,0.0,0.0,0,3,0,0,0,0,2,0
61,6,black,Black,1.4938492,-3.0165865,0.3916564,0.054760933,-0.81579566,0.1920162,0.0,0.0,0,3,0,0,0,0,3,0
62,6,black,Black,1.4935126,-3.0182977,-0.35971096,0.036975008,-0.07228819,0.11047352,0.0,0.0,0,3,0,0,0,0,3,0
63,6,black,Black,0.48954803,-2.5151696,0.16841078,0.24452044,-1.2899405,0.047832247,0.0,0.0,1,3,0,0,0,0,1,0
64,6,black,Black,1.4919417,-3.0181904,0.28401366,0.04272977,0.030535063,0.025676757,0.0,0.0,0,3,0,0,0,0,1,0
65,6,black,Black,1.493876,-3.0139165,0.49564004,0.0595141,0.122485794,0.16490047,0.0,0.0,0,3,0,0,0,0,3,0
66,6,black,Black,1.4938928,-3.0175388,0.6179617,0.035860136,0.15134747,0.04432003,0.0,0.0,0,3,0,0,0,0,3,0
67,6,black,Black,1.4933164,-3.0167608,-0.05583191,0.048690934,0.9812059,0.043145012,0.0,0.0,0,3,0,0,0,0,3,0
68,6,black,Black,1.4939564,-3.015926,0.30066052,0.043515462,-1.1657453,0.048787743,0.0,0.0,0,3,0,0,0,0,3,0
69,6,black,Black,1.4939535,-3.0166588,-0.42335138,0.026911052,-0.29033646,0.021582553,0.0,0.0,0,3,0,0,0,0,3,0
70,6,black,Black,1.4895425,-3.0169845,0.15263097,0.028285706,-0.2015074,0.008174016,0.0,0.0,0,3,0,0,0,0,1,0
71,6,black,Black,1.4936775,-3.0132716,-0.39649144,0.038505334,0.9430879,0.001249907,0.0,0.0,0,3,0,0,0,0,3,0
72,8,black,Black,0.4858936,-2.519509,0.3010465,0.30423108,0.80930185,0.04617636,0.0,0.0,1,3,0,0,0,0,3,1
73,6,black,Black,0.49353462,-2.5187027,-0.2072287,0.36476436,0.4231719,0.06440557,0.0,0.0,1,3,0,0,0,0,3,0
74,6,black,Black,1.4915863,-3.0133142,-2.219579,0.020095753,-0.97756386,0.035024665,0.0,0.0,0,3,0,0,0,0,2,0
75,6,black,Black,0.48911995,-2.5184207,0.13634384,0.38933253,-0.7983951,0.10516971,0.0,0.0,1,3,0,0,0,0,2,0
76,8,black,Black,1.4902865,-3.0226274,0.25677693,0.006543558,-0.05616279,0.0033747093,0.0,0.0,0,3,0,0,0,0,3,0
77,6,black,Black,1.4937617,-3.014602,0.054753464,0.016579984,-0.20321147,0.0035436796,0.0,0.0,0,3,0,0,0,0,3,0
78,6,black,Black,1.4936154,-3.0145462,0.1117278,0.018675491,0.8548295,0.026995441,0.0,0.0,0,3,0,0,0,0,3,0
79,6,black,Black,1.4935904,-3.0143068,-0.5692747,0.016108086,0.08273529,0.073471315,0.0,0.0,0,3,0,0,0,0,3,0
80,6,black,Black,1.4925878,-3.0147593,0.21107869,0.015767878,0.0211881,0.0047348817,0.0,0.0,0,3,0,0,0,0,2,0
81,6,black,Black,0.4900102,-2.5172584,-0.765879,0.26520762,-0.64646816,0.09875345,0.0,0.0,1,3,0,0,0,0,2,0
82,6,black,Black,1.4912379,-3.0157452,-0.86910766,0.013207607,-0.49914584,0.002231977,0.0,0.0,0,3,0,0,0,0,2,0
83,6,black,Black,1.4928917,-3.0170503,1.5170547,0.014896743,-0.32969594,0.0029947783,0.0,0.0,0,3,0,0,0,0,2,0
84,6,black,Black,1.493873,-3.0160556,-0.15630977,0.005236694,0.35549465,0.014508066,0.0,0.0,0,3,0,0,0,0,3,0
85,6,black,Black,1.4939537,-3.0161858,0.12239766,0.009916773,-0.083941616,0.010666552,0.0,0.0,0,3,0,0,0,0,3,0
86,6,black,Black,1.4915837,-3.015797,0.1664393,0.010153442,-0.66310674,0.009226802,0.0,0.0,0,3,0,0,0,0,2,0
87,6,black,Black,1.4939727,-3.0145164,-0.6535486,0.008692647,-0.3869443,0.01118618,0.0,0.0,0,3,0,0,0,0,3,0
88,6,black,Black,1.4933465,-3.016682,-0.21843608,0.0037349935,0.41059622,0.0070376284,0.0,0.0,0,3,0,0,0,0,2,0
89,6,black,Black,0.49351442,-2.5185165,0.57321113,0.3825086,-0.6244416,0.12712018,0.0,0.0,1,3,0,0,0,0,3,0
90,6,black,Black,0.48834378,-2.5185463,-0.5294857,0.4370223,0.16508262,0.11523661,0.0,0.0,1,3,0,0,0,0,1,0
91,6,black,Black,1.4939902,-3.0135365,1.3442863,0.001772359,0.9833886,0.0019180756,0.0,0.0,0,3,0,0,0,0,3,0
92,8,black,Black,1.491145,-3.0210226,-0.4119678,0.032172065,-0.25618285,0.18064903,0.0,0.0,0,3,0,0,0,0,4,0
93,6,black,Black,1.4937667,-3.013789,-0.10977459,0.013917181,-0.3639194,0.036793735,0.0,0.0,0,3,0,0,0,0,3,1
94,6,black,Black,1.489459,-3.0182056,0.108520664,0.01000189,-0.72851104,0.03836659,0.0,0.0,0,3,0,0,0,0,2,0
95,8,black,Black,1.4878856,-3.0198603,-0.4470697,0.0026139305,-0.015024424,0.0041083456,0.0,0.0,0,3,0,0,0,0,2,0
96,6,black,Black,1.4937754,-3.0104833,-0.15721281,0.003625701,-0.05419286,0.011572699,0.0,0.0,0,3,0,0,0,0,3,2
97,6,black,Black,1.493967,-3.0154204,0.37883484,0.0034158945,-0.67666847,0.005731048,0.0,0.0,0,3,0,0,0,0,3,0
98,6,black,Black,1.4929392,-3.0146217,-0.09739985,0.004222866,-0.22442164,0.004244134,0.0,0.0,0,3,0,0,0,0,2,0
99,8,black,Black,0.48793674,-2.519002,-0.18773782,0.4008237,-0.60641897,0.060766086,0.0,0.0,1,3,0,0,0,0,2,1
100,6,black,Black,1.593907,-3.011189,-0.40470496,0.020307383,0.64749676,0.007935501,0.0,0.0,0,3,0,0,1,0,3,1
101,6,black,Black,1.4919657,-3.0117707,0.8022497,0.0017753886,-0.4826714,0.004897877,0.0,0.0,0,3,0,0,0,0,2,1
102,6,black,Black,1.4929514,-3.017038,-0.28488865,0.0032487877,0.5207739,0.008871024,0.0,0.0,0,3,0,0,0,0,2,0
103,6,black,Black,1.4928427,-3.0143664,0.43748072,0.00057019945,-0.35840797,0.0037207508,0.0,0.0,0,3,0,0,0,0,2,0
104,6,black,Black,1.4909769,-3.0132442,-0.10480094,0.0012184955,-0.6682825,0.018659769,0.0,0.0,0,3,0,0,0,0,2,0
105,8,black,Black,0.48836744,-2.5202532,-0.7843608,0.3636736,-0.081412554,0.05483643,0.0,0.0,1,3,0,0,0,0,3,0
106,6,black,Black,0.49304032,-2.5173712,0.41386095,0.38664952,-0.46233383,0.095166504,0.0,0.0,1,3,0,0,0,0,2,0
107,6,black,Black,1.4936676,-3.0157213,0.46748587,0.0035945375,0.73647356,0.0017274228,0.0,0.0,0,3,0,0,0,0,3,0
108,6,black,Black,0.49214494,-2.5172155,-0.20107134,0.38316455,1.300421,0.11491164,0.0,0.0,1,3,0,0,0,0,2,0
109,6,black,Black,0.49177402,-2.5158687,0.37720156,0.29544342,-0.032877605,0.0831846,0.0,0.0,1,3,0,0,0,0,1,0
110,6,black,Black,1.4923826,-3.0119839,-0.24537635,0.008347736,-0.27270508,0.049604494,0.0,0.0,0,3,0,0,0,0,2,1
111,6,black,Black,1.4937202,-3.0174968,-0.10466635,0.016034568,-1.7563561,0.037895348,0.0,0.0,0,3,0,0,0,0,3,0
112,8,black,Black,0.48664963,-2.5215101,0.06025815,0.26211306,0.4375976,0.051840253,0.0,0.0,1,3,0,0,0,0,3,0
113,6,black,Black,0.49305385,-2.5168407,0.8709914,0.31425396,0.25951424,0.038360722,0.0,0.0,1,3,0,0,0,0,2,0
114,8,black,Black,0.49001396,-2.5234804,-0.2499088,0.21106374,-0.1768952,0.034347545,0.0,0.0,1,3,0,0,0,0,3,0
115,6,black,Black,0.49371237,-2.5131843,-0.012493531,0.2572823,-1.1800075,0.021786423,0.0,0.0,1,3,0,0,0,0,3,0
116,6,black,Black,1.4899939,-3.015267,-0.17840259,0.039744962,0.6813286,0.046917398,0.0,0.0,0,3,0,0,0,0,2,0
117,5,black,Black,1.9939008,-2.5087824,-0.40041342,0.3369235,0.14436626,0.006620537,0.0,0.0,0,2,1,0,0,0,3,0
118,8,black,Black,1.491119,-3.019811,-0.073802054,0.04436737,0.8495944,0.01122931,0.0,0.0,0,3,0,0,0,0,3,0
119,6,black,Black,1.4931709,-3.0151772,2.2912712,0.058903858,-0.725441,0.082956076,0.0,0.0,0,3,0,0,0,0,2,0
120,8,black,Black,1.4916178,-3.0216646,-0.8759012,0.07338184,-0.40055847,0.096077956,0.0,0.0,0,3,0,0,0,0,4,0
121,6,black,Black,1.492094,-3.010765,-0.49827826,0.04203109,-0.06318569,0.0068053063,0.0,0.0,0,3,0,0,0,0,2,1
122,10,black,Black,1.488266,-3.0269413,-0.009508705,0.09351679,-0.462494,0.10838692,0.0,0.0,0,3,0,0,0,0,3,0
123,10,black,Black,0.48922294,-2.5286386,-0.6269726,0.10498659,-0.5861804,0.019086977,0.0,0.0,1,3,0,0,0,0,5,0
124,10,black,Black,0.48712975,-2.5252395,-0.34679016,0.22271891,-0.28936806,0.0671758,0.0,0.0,1,3,0,0,0,0,2,0
125,8,black,Black,1.4905423,-3.020715,-0.24619707,0.047005385,0.012241304,0.03972756,0.0,0.0,0,3,0,0,0,0,3,0
126,6,black,Black,1.4931179,-3.0164042,-0.0959808,0.055772353,-0.050670307,0.043586742,0.0,0.0,0,3,0,0,0,0,2,0
127,8,black,Black,0.48703736,-2.522389,-0.5878688,0.17469315,0.877206,0.059530232,0.0,0.0,1,3,0,0,0,0,2,0
128,6,black,Black,1.4939619,-3.017104,0.3638734,0.0694259,0.93948656,0.054836553,0.0,0.0,0,3,0,0,0,0,3,0
129,10,black,Black,1.4895589,-3.0289779,-0.2808055,0.060393892,-0.5109142,0.09131362,0.0,0.0,0,3,0,0,0,0,5,1
130,8,black,Black,1.4905355,-3.0171595,-0.2137754,0.031030366,-0.3931157,0.00424256,0.0,0.0,0,3,0,0,0,0,3,0
131,8,black,Black,0.49119526,-2.5184603,-0.3314016,0.16895393,-0.31197852,0.046421938,0.0,0.0,1,3,0,0,0,0,3,1
132,8,black,Black,0.9917287,-2.0228076,0.13412297,0.03192682,-1.3426688,0.26193213,0.0,0.0,0,3,0,1,0,0,4,1
133,10,black,Black,0.4866311,-2.5255594,-0.37251702,0.25914186,-0.89541423,0.11935867,0.0,0.0,1,3,0,0,0,0,4,0
134,8,black,Black,1.4909097,-3.0162694,-0.022749186,0.036274377,0.31258512,0.0050066756,0.0,0.0,0,3,0,0,0,0,3,0
135,6,black,Black,1.4904426,-3.0165486,0.45719996,0.037582655,-0.6023976,0.0069972747,0.0,0.0,0,3,0,0,0,0,2,0
136,8,black,Black,0.4908651,-2.5178833,-0.14007413,0.14485088,-0.032723546,0.022818632,0.0,0.0,1,3,0,0,0,0,3,0
137,8,black,Black,1.4894582,-3.0198698,0.1162529,0.0419608,-0.05621457,0.0030533313,0.0,0.0,0,3,0,0,0,0,2,0
138,10,black,Black,-0.01142627,-1.4232426,-0.7591383,0.62483925,0.062284153,0.4721803,0.0,0.0,1,3,0,1,0,1,4,2
139,8,black,Black,1.4916283,-3.0219646,-0.0821203,0.040542018,0.03842461,0.011687448,0.0,0.0,0,3,0,0,0,0,4,0
140,8,black,Black,1.4900768,-3.0198145,-0.2322141,0.031945087,-0.33699548,0.010674666,0.0,0.0,0,3,0,0,0,0,3,1
141,7,black,Black,1.9916452,-2.5164433,-0.13808429,0.32488257,-0.50362945,0.004341653,0.0,0.0,0,2,1,0,0,0,4,0
142,6,black,Black,1.4938136,-3.0124314,-0.17970197,0.08467256,-1.3270496,0.09128965,0.0,0.0,0,3,0,0,0,0,3,1
143,8,black,Black,1.4895397,-3.0213075,-0.046811372,0.025503142,-0.2540964,0.014927436,0.0,0.0,0,3,0,0,0,0,3,0
144,8,black,Black,0.48848122,-2.5191345,0.52754164,0.21680696,-1.3514123,0.034970626,0.0,0.0,1,3,0,0,0,0,2,0
145,6,black,Black,1.493108,-3.0125387,-0.17788209,0.015404799,-0.47441745,0.009106184,0.0,0.0,0,3,0,0,0,0,2,0
146,8,black,Black,0.48924685,-2.5185657,0.37210166,0.21213846,0.68588495,0.065024115,0.0,0.0,1,3,0,0,0,0,2,0
147,8,black,Black,1.4876738,-3.017181,0.58568776,0.017103663,-0.49142903,0.008341029,0.0,0.0,0,3,0,0,0,0,3,0
148,8,black,Black,0.48902595,-2.5209093,0.162678,0.286376,0.31494975,0.0927705,0.0,0.0,1,3,0,0,0,0,3,0
149,6,black,Black,1.4934391,-3.0171134,0.1127731,0.039139356,1.6136683,0.061963707,0.0,0.0,0,3,0,0,0,0,3,0
150,8,black,Black,2.0915809,-2.5139399,-0.34102803,0.37427035,0.9931187,0.038883604,0.0,0.0,0,2,1,0,1,0,4,2
151,8,black,Black,0.4858808,-2.5195515,0.6625016,0.22346947,0.2199223,0.0549453,0.0,0.0,1,3,0,0,0,0,2,0
152,8,black,Black,1.4916961,-3.020913,-0.06576121,0.025620239,0.47088397,0.014013629,0.0,0.0,0,3,0,0,0,0,4,0
153,8,black,Black,1.4909227,-3.0160093,0.10258049,0.04905925,-0.32485652,0.09526287,0.0,0.0,0,3,0,0,0,0,3,2
154,8,black,Black,0.48797625,-2.51889,-0.73205453,0.28254017,0.030129135,0.060567573,0.0,0.0,1,3,0,0,0,0,1,0
155,8,black,Black,1.4911889,-3.018352,1.1861016,0.0117370915,0.14725018,0.016920287,0.0,0.0,0,3,0,0,0,0,4,0
156,10,black,Black,1.5898434,-3.0224652,0.80849,0.062851764,-0.13137913,0.14686362,0.0,0.0,0,3,0,0,1,0,5,0
157,12,black,Black,0.4837767,-2.5297086,0.48954773,0.2538741,-0.24789019,0.022447743,0.0,0.0,1,3,0,0,0,0,5,1
158,8,black,Black,1.4878688,-3.0193744,0.12488246,0.012951608,-0.5868559,0.023230564,0.0,0.0,0,3,0,0,0,0,2,0
159,6,black,Black,1.4914231,-3.0134702,-0.4102067,0.011294591,0.48950443,0.008941316,0.0,0.0,0,3,0,0,0,0,2,1
160,6,black,Black,1.4937425,-3.0159788,-0.30327544,0.030524379,-0.052553315,0.051242083,0.0,0.0,0,3,0,0,0,0,3,0
161,8,black,Black,1.4887238,-3.0206273,-0.88759506,0.032719277,0.02977261,0.010227725,0.0,0.0,0,3,0,0,0,0,2,0
162,8,black,Black,1.4875518,-3.016856,0.56474346,0.042623896,-0.5496192,0.021151375,0.0,0.0,0,3,0,0,0,0,2,2
163,8,black,Black,1.4881742,-3.0188146,-0.19174421,0.02717739,0.3064947,0.0071630077,0.0,0.0,0,3,0,0,0,0,3,1
164,8,black,Black,0.4902702,-2.5179636,-0.29587585,0.33491087,-0.13986659,0.081461154,0.0,0.0,1,3,0,0,0,0,3,1
165,8,black,Black,1.4914976,-3.0197816,0.9211501,0.015251425,-0.0824455,0.009582534,0.0,0.0,0,3,0,0,0,0,4,1
166,8,black,Black,0.4873119,-2.5199137,-0.15664244,0.21615557,-0.40666765,0.079251975,0.0,0.0,1,3,0,0,0,0,2,1
167,10,black,Black,0.48430282,-2.5249434,0.049652576,0.3784066,-0.2265285,0.10861331,0.0,0.0,1,3,0,0,0,0,3,0
168,8,black,Black,1.4890852,-3.0221848,0.8486983,0.008597207,-0.2674005,0.0041454853,0.0,0.0,0,3,0,0,0,0,2,0
169,8,black,Black,0.49150246,-2.521868,-0.27615714,0.2662963,0.28274304,0.10187742,0.0,0.0,1,3,0,0,0,0,4,0
170,10,black,Black,1.488095,-3.022424,0.22250597,0.021659773,-0.6088333,0.006763518,0.0,0.0,0,3,0,0,0,0,4,1
171,8,black,Black,1.4916844,-3.020657,0.528892,0.026268361,0.38828862,0.033907082,0.0,0.0,0,3,0,0,0,0,4,1
172,10,black,Black,1.4876378,-3.0226789,0.27437314,0.013035268,0.32629102,0.007078985,0.0,0.0,0,3,0,0,0,0,3,0
173,10,black,Black,-0.012568533,-1.3182124,0.4053754,0.8015286,-0.53330106,0.7812786,0.0,0.0,1,3,0,1,0,2,4,3
174,8,black,Black,0.4880312,-2.5178118,-0.56405735,0.2708676,-0.5193673,0.07416142,0.0,0.0,1,3,0,0,0,0,2,0
175,10,black,Black,1.4845444,-3.0226283,-0.0170687,0.01396132,-0.12905511,0.009323312,0.0,0.0,0,3,0,0,0,0,3,1
176,6,black,Black,1.4939212,-3.0155091,0.50594044,0.023871638,1.8604647,0.029921075,0.0,0.0,0,3,0,0,0,0,3,0
177,8,black,Black,0.4896056,-2.518761,-0.9873626,0.15203814,0.7762393,0.019132625,0.0,0.0,1,3,0,0,0,0,3,0
178,6,black,Black,1.4935151,-3.0099938,0.24471672,0.018343396,0.029997984,0.017847497,0.0,0.0,0,3,0,0,0,0,3,0
179,8,black,Black,0.48780876,-2.5182216,0.69735706,0.31509033,-0.57563496,0.030608295,0.0,0.0,1,3,0,0,0,0,2,0
180,8,black,Black,1.4902397,-3.0167072,-0.14311421,0.07012297,0.17490175,0.16136724,0.0,0.0,0,3,0,0,0,0,3,1
181,10,black,Black,1.4888686,-3.026312,-1.4034965,0.02954236,0.33244938,0.030065581,0.0,0.0,0,3,0,0,0,0,4,1
182,8,black,Black,1.4905412,-2.916814,0.2595529,0.03360107,0.15746975,0.0057697,0.0,0.0,0,3,0,0,0,1,3,2
183,8,black,Black,0.48816592,-2.5178998,-0.68117315,0.16478288,0.10753596,0.028449139,0.0,0.0,1,3,0,0,0,0,2,1
184,8,black,Black,1.4908407,-3.0153828,-0.7633046,0.04477955,-0.107417345,0.025556795,0.0,0.0,0,3,0,0,0,0,3,0
185,14,black,Black,0.47989422,-2.5312314,0.4333763,0.17628738,-0.29630712,0.050483506,0.0,0.0,1,3,0,0,0,0,5,2
186,8,black,Black,1.5906749,-3.0203023,-0.38165665,0.087435365,-0.6487474,0.08371997,0.0,0.0,0,3,0,0,1,0,2,1
187,6,black,Black,0.49333644,-2.5127985,0.023704132,0.2674875,-0.48485866,0.01636071,0.0,0.0,1,3,0,0,0,0,2,0
188,10,black,Black,0.48562926,-2.520328,0.92493474,0.1981606,-0.42697906,0.049849927,0.0,0.0,1,3,0,0,0,0,3,3
189,6,black,Black,1.492854,-3.0158334,0.39076582,0.03885007,0.06394255,0.006517133,0.0,0.0,0,3,0,0,0,0,2,0
190,8,black,Black,1.4900261,-3.022088,0.12942976,0.03932085,-0.14548469,0.008680102,0.0,0.0,0,3,0,0,0,0,2,0
191,8,black,Black,1.4917892,-3.0190144,-0.18030691,0.06272088,0.20514035,0.02341954,0.0,0.0,0,3,0,0,0,0,4,1
192,10,black,Black,0.4856459,-2.5219417,0.12835407,0.2560083,-0.5021203,0.10522418,0.0,0.0,1,3,0,0,0,0,3,1
193,6,black,Black,1.5939705,-3.0120716,-0.041896265,0.08238499,-0.32262048,0.0056579616,0.0,0.0,0,3,0,0,1,0,3,0
194,8,black,Black,1.4909865,-3.020135,0.72752035,0.04612811,-0.33232212,0.004868222,0.0,0.0,0,3,0,0,0,0,3,0
195,8,black,Black,1.4892286,-3.0212235,-0.014024302,0.034699965,-0.89519787,0.00331598,0.0,0.0,0,3,0,0,0,0,3,0
196,14,black,Black,-0.51604044,-2.0331907,-1.0976207,0.6013497,-0.012808936,0.08317182,0.0,0.0,2,3,0,0,0,0,5,1
197,5,black,Black,1.9939601,-2.5064337,-0.10884825,0.31862876,-0.5150814,0.0025048763,0.0,0.0,0,2,1,0,0,0,3,0
198,8,black,Black,1.4907653,-3.0172415,-0.6578048,0.035312504,-1.1323066,0.0027463308,0.0,0.0,0,3,0,0,0,0,3,1
199,10,black,Black,1.4887142,-3.0240352,-0.0031956672,0.033852194,-0.2640012,0.0053252415,0.0,0.0,0,3,0,0,0,0,4,1
200,6,black,Black,1.4935741,-3.010826,-0.6146689,0.036256414,0.061383247,0.022560976,0.0,0.0,0,3,0,0,0,0,3,1
201,10,black,Black,1.4894679,-3.0218046,0.1932148,0.054765213,0.54585135,0.04604363,0.0,0.0,0,3,0,0,0,0,5,1
202,10,black,Black,-0.012933016,-1.5253439,-0.3158598,0.7237763,0.11498737,0.42796546,0.0,0.0,1,3,0,1,0,0,4,1
203,10,black,Black,0.48560935,-2.5259216,-0.4323079,0.23256972,0.21452484,0.050030656,0.0,0.0,1,3,0,0,0,0,3,0
204,6,black,Black,1.4936944,-3.012545,0.08407708,0.02163527,0.4498968,0.02742822,0.0,0.0,0,3,0,0,0,0,3,0
205,10,black,Black,0.98586476,-2.0219512,0.19617319,0.029682696,0.26940688,0.1878464,0.0,0.0,0,3,0,1,0,0,3,2
206,8,black,Black,0.5869025,-2.4179385,-0.18786213,0.22451091,1.068126,0.09192386,0.0,0.0,1,3,0,0,1,1,3,0
207,10,black,Black,1.4860042,-3.02358,-0.20515546,0.03710714,0.4656486,0.026446551,0.0,0.0,0,3,0,0,0,0,4,2
208,10,black,Black,-0.5125017,-2.0263314,-0.38124847,0.7921813,0.007002258,0.09709559,0.0,0.0,2,3,0,0,0,0,3,0
209,12,black,Black,0.48471844,-2.5249283,-0.26146722,0.2605085,-0.29560712,0.054398134,0.0,0.0,1,3,0,0,0,0,4,2
210,10,black,Black,0.5896108,-2.5186439,-0.16742429,0.08721568,0.13265172,0.09184639,0.0,0.0,1,3,0,0,1,0,5,1
211,8,black,Black,1.491382,-2.9165912,0.49526536,0.03196681,-0.24448836,0.025472369,0.0,0.0,0,3,0,0,0,1,3,1
212,8,black,Black,2.0914834,-2.4113297,-0.25871873,0.27275383,-0.42214227,0.100382514,0.0,0.0,0,2,1,0,1,1,4,3
213,10,black,Black,-0.51222706,-2.0226724,-0.073096514,0.9581636,-0.34770226,0.118206605,0.0,0.0,2,3,0,0,0,0,4,0
214,8,black,Black,0.48721772,-2.5206153,-0.18405277,0.3184994,0.64227813,0.027401093,0.0,0.0,1,3,0,0,0,0,3,1
215,10,black,Black,1.0899142,-2.020053,-0.5810223,0.018119361,-0.24841443,0.16348377,0.0,0.0,0,3,0,1,1,0,5,1
216,10,black,Black,0.4879905,-2.5221162,-0.69275916,0.08392557,-2.8775167,0.021808285,0.0,0.0,1,3,0,0,0,0,3,1
217,10,black,Black,1.4874148,-3.0195923,-0.26676217,0.09165107,-0.032978248,0.15868208,0.0,0.0,0,3,0,0,0,0,4,2
218,8,black,Black,0.5881585,-2.5141497,-0.06701261,0.19554284,-0.03284967,0.02134921,0.0,0.0,1,3,0,0,1,0,3,1
219,6,black,Black,1.4912825,-3.0165346,-0.1555659,0.07087552,-0.1302139,0.04361643,0.0,0.0,0,3,0,0,0,0,2,0
220,12,black,Black,0.984131,-2.0251293,-0.70100355,0.0060536526,-0.12305061,0.14806564,0.0,0.0,0,3,0,1,0,0,4,2
221,10,black,Black,0.48630053,-2.5208461,-0.59283066,0.08721154,0.38755822,0.0062475353,0.0,0.0,1,3,0,0,0,0,2,3
